Palabra,Costo,Clics,Impresiones,Conversiones,Principales búsquedas que contienen la palabra
la,PEN9.11,11,303,0.00,"(que es bueno para la ansiedad, como calmar la ansiedad, como controlar la ansiedad)"
ansiedad,PEN8.54,11,298,0.00,"(que es bueno para la ansiedad, como calmar la ansiedad, como controlar la ansiedad)"
como,PEN11.60,13,244,0.00,"(como calmar la ansiedad, como controlar la ansiedad, como curar la ansiedad)"
para,PEN4.46,4,148,0.00,"(que es bueno para la ansiedad, no puedo dormir que hago para que me de sueño, que es bueno para el insomnio)"
que,PEN3.78,3,111,0.00,"(que es bueno para la ansiedad, no puedo dormir que hago para que me de sueño, que es bueno para el insomnio)"
el,PEN10.61,8,106,0.00,"(que es bueno para el insomnio, como quitar el insomnio rápido, que tomar para el dolor lumbar fuerte)"
es bueno,PEN0.71,1,90,0.00,"(que es bueno para la ansiedad, que es bueno para el insomnio, que es bueno para la ansiedad y depresión)"
calmar,PEN1.21,1,59,0.00,"(como calmar la ansiedad, calmar ansiedad relajar la mente, como calmar la ansiedad y los nervios)"
curar,PEN4.09,2,57,0.00,"(como curar la ansiedad, cómo curar la ansiedad, como curar la lumbalgia)"
y,PEN2.11,1,54,0.00,"(que es bueno para la ansiedad y depresión, como calmar la ansiedad y los nervios, como bajar la ansiedad y el nerviosismo)"
de,PEN3.51,3,52,0.00,"(no puedo dormir que hago para que me de sueño, como quitar el dolor de espalda baja rápido, como quitar el dolor de cadera rápido)"
dolor,PEN7.79,6,47,0.00,"(que tomar para el dolor lumbar fuerte, como quitar el dolor de espalda baja rápido, como quitar el dolor de cadera rápido)"
controlar,PEN2.43,3,37,0.00,"(como controlar la ansiedad, cómo controlar la ansiedad, como controlar mi ansiedad)"
dormir,PEN0.00,0,37,0.00,"(no puedo dormir que hago para que me de sueño, no puedo dormir en las noches, pastillas para dormir)"
insomnio,PEN0.00,0,32,0.00,"(que es bueno para el insomnio, como quitar el insomnio rápido, insomnio tratamiento)"
puedo,PEN0.00,0,32,0.00,"(no puedo dormir que hago para que me de sueño, no puedo dormir en las noches, porque no puedo dormir)"
quitar,PEN1.68,2,28,0.00,"(como quitar el insomnio rápido, como quitar la ansiedad, como quitar el dolor de espalda baja rápido)"
no,PEN0.00,0,27,0.00,"(no puedo dormir que hago para que me de sueño, no puedo dormir en las noches, porque no puedo dormir)"
cómo,PEN2.11,1,24,0.00,"(cómo controlar la ansiedad, cómo curar la ansiedad, cómo tratar la ansiedad)"
en,PEN0.85,1,24,0.00,"(no puedo dormir en las noches, dolor de huesos en todo el cuerpo, como curar un lumbago en 5 minutos)"
estres,PEN0.00,0,24,0.00,"(como curar el estres cronico, como curar el estres y ansiedad, como curar la ansiedad y estres)"
qué,PEN0.00,0,22,0.00,"(qué es bueno para la ansiedad, qué puedo tomar para el dolor de columna, por qué me duele todo el cuerpo)"
rápido,PEN0.83,1,22,0.00,"(como quitar el insomnio rápido, como quitar el dolor de espalda baja rápido, como quitar el dolor de cadera rápido)"
lumbalgia,PEN1.98,1,19,0.00,"(que es bueno para la lumbalgia, como curar la lumbalgia, lumbalgia tratamiento)"
tomar,PEN3.07,2,19,0.00,"(que tomar para el dolor lumbar fuerte, qué puedo tomar para el dolor de columna, dolor de cintura que tomar)"
sueño,PEN0.71,1,19,0.00,"(no puedo dormir que hago para que me de sueño, que es bueno para conciliar el sueño, como conciliar el sueño)"
de espalda,PEN1.83,1,16,0.00,"(como quitar el dolor de espalda baja rápido, como sanar el dolor de espalda, para el dolor de espalda que es bueno)"
tratamiento,PEN0.68,1,16,0.00,"(lumbalgia tratamiento, tratamiento para la ansiedad, estrés crónico tratamiento)"
como combatir,PEN1.66,3,14,0.00,"(como combatir la ansiedad, como combatir el estres y la ansiedad, como combatir el estrés y la ansiedad)"
cura,PEN0.33,1,13,0.00,"(como se cura la ansiedad, cura para la ansiedad)"
se,PEN0.33,1,13,0.00,"(como se cura la ansiedad, se puede curar la ansiedad sin medicamentos)"
dolor lumbar,PEN4.28,3,13,0.00,"(que tomar para el dolor lumbar fuerte, pastillas para dolor lumbar, como calmar el dolor lumbar)"
tratar la,PEN0.48,1,12,0.00,"(como tratar la ansiedad, cómo tratar la ansiedad)"
que hago,PEN0.00,0,12,0.00,"(no puedo dormir que hago para que me de sueño, que hago si no puedo dormir)"
me,PEN0.00,0,12,0.00,"(no puedo dormir que hago para que me de sueño, por qué me duele todo el cuerpo)"
depresión,PEN0.00,0,12,0.00,"(que es bueno para la ansiedad y depresión, como curar la depresión y ansiedad)"
estrés,PEN2.11,1,12,0.00,"(cómo curar el estrés y la ansiedad, estrés crónico tratamiento, como calmar el estrés y la ansiedad)"
eliminar la,PEN0.00,0,11,0.00,"(como eliminar la ansiedad para siempre, como eliminar la ansiedad)"
el cuerpo,PEN0.85,1,10,0.00,"(dolor de huesos en todo el cuerpo, dolores musculares en todo el cuerpo, por qué me duele todo el cuerpo)"
conciliar el,PEN0.71,1,10,0.00,"(que es bueno para conciliar el sueño, como conciliar el sueño, como conciliar el sueño rapido)"
los,PEN0.00,0,10,0.00,"(como calmar la ansiedad y los nervios, como calmar los ataques de ansiedad)"
la mente,PEN0.00,0,10,0.00,"(calmar ansiedad relajar la mente, como calmar la mente)"
pastillas para,PEN0.00,0,10,0.00,"(pastillas para dormir, pastillas para dolor de espalda alta, pastillas para dolor lumbar)"
todo el,PEN0.85,1,10,0.00,"(dolor de huesos en todo el cuerpo, dolores musculares en todo el cuerpo, por qué me duele todo el cuerpo)"
nervios,PEN0.00,0,8,0.00,(como calmar la ansiedad y los nervios)
siempre,PEN0.00,0,8,0.00,(como eliminar la ansiedad para siempre)
vencer,PEN0.00,0,8,0.00,(como vencer la ansiedad)
por,PEN0.00,0,8,0.00,"(por qué me duele todo el cuerpo, por qué no puedo dormir, causas por no dormir bien)"
relajar,PEN0.00,0,8,0.00,(calmar ansiedad relajar la mente)
de columna,PEN0.00,0,7,0.00,"(qué puedo tomar para el dolor de columna, dolor de columna que tomar)"
bajar la,PEN0.00,0,6,0.00,"(como bajar la ansiedad y el nerviosismo, como bajar la ansiedad)"
como manejar,PEN0.00,0,6,0.00,"(como manejar el estres y la ansiedad, como manejar la ansiedad en adultos)"
superar,PEN0.00,0,6,0.00,(como superar la ansiedad)
fuerte,PEN3.07,2,6,0.00,(que tomar para el dolor lumbar fuerte)
hacer para,PEN0.00,0,6,0.00,"(que hacer para calmar la ansiedad, que hacer para poder dormir)"
como sanar,PEN1.83,1,6,0.00,"(como sanar el dolor de espalda, como sanar la ansiedad)"
las,PEN0.00,0,6,0.00,(no puedo dormir en las noches)
en adultos,PEN0.00,0,6,0.00,"(como manejar la ansiedad en adultos, que es bueno para el insomnio en adultos)"
noches,PEN0.00,0,6,0.00,(no puedo dormir en las noches)
natural,PEN0.00,0,5,0.00,"(que es bueno para la ansiedad y estres natural, como combatir el insomnio de forma natural)"
mi ansiedad,PEN1.41,1,5,0.00,"(como controlar mi ansiedad, como curar mi ansiedad)"
baja,PEN0.00,0,5,0.00,(como quitar el dolor de espalda baja rápido)
rapido,PEN0.00,0,5,0.00,"(como dormir rapido, como conciliar el sueño rapido)"
huesos,PEN0.85,1,4,0.00,(dolor de huesos en todo el cuerpo)
cadera,PEN0.83,1,4,0.00,(como quitar el dolor de cadera rápido)
nerviosismo,PEN0.00,0,4,0.00,(como bajar la ansiedad y el nerviosismo)
porque,PEN0.00,0,4,0.00,(porque no puedo dormir)
medicamentos,PEN0.00,0,3,0.00,(se puede curar la ansiedad sin medicamentos)
quedarse,PEN0.00,0,3,0.00,(como quedarse dormido rápido)
musculares,PEN0.00,0,3,0.00,(dolores musculares en todo el cuerpo)
5,PEN0.00,0,3,0.00,(como curar un lumbago en 5 minutos)
dormido,PEN0.00,0,3,0.00,(como quedarse dormido rápido)
cintura,PEN0.00,0,3,0.00,(dolor de cintura que tomar)
si,PEN0.00,0,3,0.00,(que hago si no puedo dormir)
minutos,PEN0.00,0,3,0.00,(como curar un lumbago en 5 minutos)
remedios,PEN0.00,0,3,0.00,(que es bueno para la lumbalgia remedios caseros)
un,PEN0.00,0,3,0.00,(como curar un lumbago en 5 minutos)
lumbago,PEN0.00,0,3,0.00,(como curar un lumbago en 5 minutos)
cronico,PEN0.00,0,3,0.00,(como curar el estres cronico)
raíz,PEN0.00,0,3,0.00,(como curar la ansiedad de raíz)
caseros,PEN0.00,0,3,0.00,(que es bueno para la lumbalgia remedios caseros)
psicologicos,PEN0.00,0,3,0.00,(tratamientos psicologicos para la ansiedad)
tratamientos,PEN0.00,0,3,0.00,(tratamientos psicologicos para la ansiedad)
sin,PEN0.00,0,3,0.00,(se puede curar la ansiedad sin medicamentos)
duele,PEN0.00,0,3,0.00,(por qué me duele todo el cuerpo)
reducir,PEN0.00,0,3,0.00,(como reducir la ansiedad)
puede,PEN0.00,0,3,0.00,(se puede curar la ansiedad sin medicamentos)
poder,PEN0.00,0,3,0.00,(que hacer para poder dormir)
dolores,PEN0.00,0,3,0.00,(dolores musculares en todo el cuerpo)
crónico,PEN0.00,0,3,0.00,(estrés crónico tratamiento)
alta,PEN0.00,0,3,0.00,(pastillas para dolor de espalda alta)
casa,PEN0.00,0,2,0.00,(como curar la lumbalgia en casa)
del,PEN0.00,0,2,0.00,(como curarse del insomnio)
acabar,PEN0.00,0,2,0.00,(como acabar con la ansiedad)
bien,PEN0.00,0,2,0.00,(causas por no dormir bien)
dejar,PEN0.00,0,2,0.00,(como dejar de sobrepensar)
sobrepensar,PEN0.00,0,2,0.00,(como dejar de sobrepensar)
con,PEN0.00,0,2,0.00,(como acabar con la ansiedad)
curarse,PEN0.00,0,2,0.00,(como curarse del insomnio)
clinicas,PEN0.00,0,2,0.00,(clinicas para el dolor de espalda)
forma,PEN0.00,0,2,0.00,(como combatir el insomnio de forma natural)
dominar,PEN0.00,0,2,0.00,(como dominar la ansiedad)
causas,PEN0.00,0,2,0.00,(causas por no dormir bien)
ataques,PEN0.00,0,2,0.00,(como calmar los ataques de ansiedad)
bajo,PEN0.00,0,2,0.00,(como curar el dolor lumbar bajo)
