Buscar,Costo,Clics,Impresiones,Conversiones
que es bueno para la ansiedad,PEN0.00,0,34,0.00
como calmar la ansiedad,PEN0.00,0,30,0.00
como controlar la ansiedad,PEN1.02,2,24,0.00
como curar la ansiedad,PEN0.00,0,13,0.00
como se cura la ansiedad,PEN0.33,1,10,0.00
no puedo dormir que hago para que me de sueño,PEN0.00,0,9,0.00
que es bueno para el insomnio,PEN0.00,0,9,0.00
que es bueno para la ansiedad y depresión,PEN0.00,0,9,0.00
qué es bueno para la ansiedad,PEN0.00,0,9,0.00
calmar ansiedad relajar la mente,PEN0.00,0,8,0.00
como calmar la ansiedad y los nervios,PEN0.00,0,8,0.00
como eliminar la ansiedad para siempre,PEN0.00,0,8,0.00
como tratar la ansiedad,PEN0.48,1,8,0.00
como vencer la ansiedad,PEN0.00,0,8,0.00
cómo controlar la ansiedad,PEN0.00,0,8,0.00
como combatir la ansiedad,PEN1.66,3,6,0.00
como quitar el insomnio rápido,PEN0.00,0,6,0.00
como quitar la ansiedad,PEN0.85,1,6,0.00
como superar la ansiedad,PEN0.00,0,6,0.00
cómo curar la ansiedad,PEN0.00,0,6,0.00
no puedo dormir en las noches,PEN0.00,0,6,0.00
que es bueno para la lumbalgia,PEN0.00,0,6,0.00
que tomar para el dolor lumbar fuerte,PEN3.07,2,6,0.00
como quitar el dolor de espalda baja rápido,PEN0.00,0,5,0.00
que es bueno para conciliar el sueño,PEN0.71,1,5,0.00
como bajar la ansiedad y el nerviosismo,PEN0.00,0,4,0.00
como curar la lumbalgia,PEN1.98,1,4,0.00
como quitar el dolor de cadera rápido,PEN0.83,1,4,0.00
como quitar la ansiedad rápido,PEN0.00,0,4,0.00
cómo tratar la ansiedad,PEN0.00,0,4,0.00
dolor de huesos en todo el cuerpo,PEN0.85,1,4,0.00
lumbalgia tratamiento,PEN0.00,0,4,0.00
pastillas para dormir,PEN0.00,0,4,0.00
porque no puedo dormir,PEN0.00,0,4,0.00
qué puedo tomar para el dolor de columna,PEN0.00,0,4,0.00
tratamiento para la ansiedad,PEN0.68,1,4,0.00
como conciliar el sueño,PEN0.00,0,3,0.00
como controlar mi ansiedad,PEN1.41,1,3,0.00
como curar el estres cronico,PEN0.00,0,3,0.00
como curar el estres y ansiedad,PEN0.00,0,3,0.00
como curar la ansiedad de raíz,PEN0.00,0,3,0.00
como curar la ansiedad y estres,PEN0.00,0,3,0.00
como curar la depresión y ansiedad,PEN0.00,0,3,0.00
como curar un lumbago en 5 minutos,PEN0.00,0,3,0.00
como dormir rapido,PEN0.00,0,3,0.00
como eliminar la ansiedad,PEN0.00,0,3,0.00
como manejar el estres y la ansiedad,PEN0.00,0,3,0.00
como manejar la ansiedad en adultos,PEN0.00,0,3,0.00
como quedarse dormido rápido,PEN0.00,0,3,0.00
como reducir la ansiedad,PEN0.00,0,3,0.00
como sanar el dolor de espalda,PEN1.83,1,3,0.00
como sanar la ansiedad,PEN0.00,0,3,0.00
cura para la ansiedad,PEN0.00,0,3,0.00
cómo curar el estrés y la ansiedad,PEN2.11,1,3,0.00
cómo quitar la ansiedad,PEN0.00,0,3,0.00
dolor de cintura que tomar,PEN0.00,0,3,0.00
dolor de columna que tomar,PEN0.00,0,3,0.00
dolores musculares en todo el cuerpo,PEN0.00,0,3,0.00
estrés crónico tratamiento,PEN0.00,0,3,0.00
insomnio tratamiento,PEN0.00,0,3,0.00
para el dolor de espalda que es bueno,PEN0.00,0,3,0.00
pastillas para dolor de espalda alta,PEN0.00,0,3,0.00
pastillas para dolor lumbar,PEN0.00,0,3,0.00
por qué me duele todo el cuerpo,PEN0.00,0,3,0.00
por qué no puedo dormir,PEN0.00,0,3,0.00
que es bueno para el insomnio en adultos,PEN0.00,0,3,0.00
que es bueno para la ansiedad y estres,PEN0.00,0,3,0.00
que es bueno para la ansiedad y estres natural,PEN0.00,0,3,0.00
que es bueno para la lumbalgia remedios caseros,PEN0.00,0,3,0.00
que hacer para calmar la ansiedad,PEN0.00,0,3,0.00
que hacer para poder dormir,PEN0.00,0,3,0.00
que hago si no puedo dormir,PEN0.00,0,3,0.00
que puedo tomar para la ansiedad,PEN0.00,0,3,0.00
qué es bueno para el insomnio,PEN0.00,0,3,0.00
se puede curar la ansiedad sin medicamentos,PEN0.00,0,3,0.00
tratamientos psicologicos para la ansiedad,PEN0.00,0,3,0.00
ansiedad tratamiento,PEN0.00,0,2,0.00
causas por no dormir bien,PEN0.00,0,2,0.00
clinicas para el dolor de espalda,PEN0.00,0,2,0.00
como acabar con la ansiedad,PEN0.00,0,2,0.00
como bajar la ansiedad,PEN0.00,0,2,0.00
como calmar el dolor lumbar,PEN1.21,1,2,0.00
como calmar el estres y la ansiedad,PEN0.00,0,2,0.00
como calmar el estrés y la ansiedad,PEN0.00,0,2,0.00
como calmar la mente,PEN0.00,0,2,0.00
como calmar los ataques de ansiedad,PEN0.00,0,2,0.00
como combatir el estres y la ansiedad,PEN0.00,0,2,0.00
como combatir el estrés y la ansiedad,PEN0.00,0,2,0.00
como combatir el insomnio,PEN0.00,0,2,0.00
como combatir el insomnio de forma natural,PEN0.00,0,2,0.00
como conciliar el sueño rapido,PEN0.00,0,2,0.00
como controlar el estres y la ansiedad,PEN0.00,0,2,0.00
como curar el dolor lumbar bajo,PEN0.00,0,2,0.00
como curar el estrés y la ansiedad,PEN0.00,0,2,0.00
como curar el insomnio,PEN0.00,0,2,0.00
como curar la lumbalgia en casa,PEN0.00,0,2,0.00
como curar mi ansiedad,PEN0.00,0,2,0.00
como curarse del insomnio,PEN0.00,0,2,0.00
como dejar de sobrepensar,PEN0.00,0,2,0.00
como dominar la ansiedad,PEN0.00,0,2,0.00
